{
  "baseline": {
    "A": 0.0799,
    "B": 0.1457,
    "C": 0.1284
  },
  "round1": {
    "A": 0.0871,
    "B": 0.147,
    "C": 0.1098
  },
  "round2": {
    "A": 0.08308070947326757,
    "B": 0.13851740977546376,
    "C": 0.10345381238783541
  },
  "C_beats_B_R2": false,
  "train_samples": 749,
  "val_samples": 70,
  "sequences": [
    "zurich_city_04_a",
    "zurich_city_00_a"
  ]
}