{
  "baseline": {
    "A": 0.0799,
    "B": 0.1457,
    "C": 0.1284
  },
  "round1": {
    "A": 0.0871,
    "B": 0.147,
    "C": 0.1098
  },
  "round2": {
    "A": 0.07817796342200695,
    "B": 0.13775874412150563,
    "C": 0.1116205364338715
  },
  "C_beats_B_R2": false,
  "train_samples": 749,
  "val_samples": 70,
  "sequences": [
    "zurich_city_04_a",
    "zurich_city_00_a"
  ]
}